{
	"pages": [
		{
			"path": "pages/index/index",
			"style": {
				"navigationBarTitleText": "首页",
				"navigationStyle": "custom",
				"onReachBottomDistance": 50
			}
		},
		{
			"path": "pages/hot/hot",
			"style": {
				"navigationBarTitleText": "热榜",
				"onReachBottomDistance": 50
			}
		},
		{
			"path": "pages/ucenter/ucenter",
			"style": {
				"navigationBarTitleText": "我的",
				"backgroundColorTop": "#DA2A1A",
				"navigationBarBackgroundColor": "#DA2A1A",
				"backgroundColorBottom": "#DA2A1A",
				"onReachBottomDistance": 50
			}
		},
		{
			"path": "pages/search/search",
			"style": {
				"navigationBarTitleText": "搜索"
			}
		},
		{
			"path": "pages/list/list",
			"style": {
				"navigationBarTitleText": "...",
				"onReachBottomDistance": 50
			}
		},
		{
			"path": "pages/categories/categories",
			"style": {
				"navigationBarTitleText": "文章分类"
			}
		},
		{
			"path": "pages/article/article",
			"style": {
				"navigationBarTitleText": "文章详情",
				"onReachBottomDistance": 50
			}
		},
		{
			"path": "pages/about/about",
			"style": {
				"navigationBarTitleText": "关于我们"
			}
		},
		{
			"path": "pages/login/login",
			"style": {
				"navigationBarTitleText": "登录",
				"navigationBarBackgroundColor": "#DA291A"
			}
		},
		{
			"path": "pages/viewhtml/viewhtml",
			"style": {
				"navigationBarTitleText": "..."
			}
		},
		{
		    "path" : "pages/webview/webview",
		    "style" :                                                                                    
		    {
		        "navigationBarTitleText": "",
		        "enablePullDownRefresh": false
		    }
		}
	],
	"tabBar": {
		"color": "#bfbfbf",
		"selectedColor": "#e6372f",
		"backgroundColor": "#FFFFFF",
		"list": [
			{
				"pagePath": "pages/index/index",
				"text": "首页",
				"iconPath": "/static/images/tabbar/index_gray.png",
				"selectedIconPath": "/static/images/tabbar/index_active.png"
			},
			{
				"pagePath": "pages/categories/categories",
				"text": "分类",
				"iconPath": "/static/images/tabbar/cat_gray.png",
				"selectedIconPath": "/static/images/tabbar/cat_active.png"
			},
			{
				"pagePath": "pages/hot/hot",
				"text": "热榜",
				"iconPath": "/static/images/tabbar/hot_gray.png",
				"selectedIconPath": "/static/images/tabbar/hot_active.png"
			},
			{
				"pagePath": "pages/ucenter/ucenter",
				"text": "我的",
				"iconPath": "/static/images/tabbar/my_gray.png",
				"selectedIconPath": "/static/images/tabbar/my_active.png"
			}
		]
	},
	"networkTimeout": {
		"request": 10000,
		"connectSocket": 10000,
		"uploadFile": 10000,
		"downloadFile": 10000
	},
	"sitemapLocation": "sitemap.json",
	"globalStyle": {
		"backgroundTextStyle": "light",
		"navigationBarBackgroundColor": "#E6321D",
		"navigationBarTitleText": "WeChat",
		"navigationBarTextStyle": "white",
		"backgroundColor": "#F7F7F7",
		"backgroundColorTop": "#F7F7F7",
		"backgroundColorBottom": "#F7F7F7"
	},
	"subPackages": []
}